{"cameraMode":{"drawMode":0,"name":"Shaded","section":"Shading Mode"},"sceneLighting":true,"audioPlay":false,"sceneViewState":{"m_AlwaysRefresh":false,"showFog":true,"showSkybox":true,"showFlares":true,"showImageEffects":true,"showParticleSystems":true,"showVisualEffectGraphs":true,"m_FxEnabled":true},"in2DMode":false,"pivot":{"x":-3.6142969131469728,"y":-19.663150787353517,"z":-26.1201114654541},"rotation":{"x":-0.045636214315891269,"y":0.9441463947296143,"z":-0.29082953929901125,"w":-0.14820678532123567},"size":20.159536361694337,"orthographic":false}